{
  "name": "Chicken List",
  "timestamp": "2021-01-25T02:50:38.889Z",
  "version": {
    "major": 2,
    "minor": 3,
    "patch": 7
  },
  "tags": {},
  "logoURI": "ipfs://QmZgpZq1HkVS7YCThNJeR51KFVo5AL8P3ThA2y9wcw53p9",
  "keywords": ["default"],
  "tokens": [
    {
      "name": "Wrapped HT",
      "address": "0x9f138fB59826EDA313895511321175A9aE9bDA18",
      "symbol": "WHT",
      "decimals": 18,
      "chainId": 256,
      "logoURI": "https://swap.hbfile.net/images/Hicon/HT.png"
    },
    {
      "name": "Tether COIN",
      "address": "0x04f535663110a392a6504839beed34e019fdb4e0",
      "symbol": "HUSDT",
      "decimals": 6,
      "chainId": 256,
      "logoURI": "https://swap.hbfile.net/images/Hicon/HUSDT.png"
    },
    {
      "name": "Dai COIN",
      "address": "0x60d64ef311a4f0e288120543a14e7f90e76304c6",
      "symbol": "HDai",
      "decimals": 18,
      "chainId": 256,
      "logoURI": "https://swap.hbfile.net/images/Hicon/HDai.png"
    },
    {
      "name": "USDCoin",
      "address": "0xd459dad367788893c17c09e17cfbf0bf25c62833",
      "symbol": "HUSDC",
      "decimals": 6,
      "chainId": 256,
      "logoURI": "https://swap.hbfile.net/images/Hicon/HUSDC.png"
    },
    {
      "name": "TrueUSD",
      "address": "0xdb4c5b219168f926c2c0c776438b8355a3a4018e",
      "symbol": "HTUSD",
      "decimals": 18,
      "chainId": 256,
      "logoURI": "https://swap.hbfile.net/images/Hicon/HTUSD.png"
    },
    {
      "name": "ETH",
      "address": "0xfeb76ae65c11b363bd452afb4a7ec59925848656",
      "symbol": "HETH",
      "decimals": 18,
      "chainId": 256,
      "logoURI": "https://swap.hbfile.net/images/Hicon/ETH.png"
    },
    {
      "name": "BTC",
      "address": "0x1d8684e6cdd65383affd3d5cf8263fcda5001f13",
      "symbol": "HBTC",
      "decimals": 18,
      "chainId": 256,
      "logoURI": "https://swap.hbfile.net/images/Hicon/HBTC.png"
    },
    {
      "name": "Heco-Peg HUSD Token",
      "address": "0x0298c2b32eae4da002a15f36fdf7615bea3da047",
      "symbol": "HUSD",
      "decimals": 8,
      "chainId": 128,
      "logoURI": "https://swap.hbfile.net/images/Hicon/HUSD.png"
    },
    {
      "name": "Wrapped HT",
      "address": "0x5545153ccfca01fbd7dd11c0b23ba694d9509a6f",
      "symbol": "WHT",
      "decimals": 18,
      "chainId": 128,
      "logoURI": "https://swap.hbfile.net/images/Hicon/HT.png"
    },
    {
      "name": "Heco-Peg ETH Token",
      "address": "0x64ff637fb478863b7468bc97d30a5bf3a428a1fd",
      "symbol": "ETH",
      "decimals": 18,
      "chainId": 128,
      "logoURI": "https://swap.hbfile.net/images/Hicon/ETH.png"
    },
    {
      "name": "Heco-Peg HBTC Token",
      "address": "0x66a79d23e58475d2738179ca52cd0b41d73f0bea",
      "symbol": "HBTC",
      "decimals": 18,
      "chainId": 128,
      "logoURI": "https://swap.hbfile.net/images/Hicon/HBTC.png"
    },
    {
      "name": "Heco-Peg HDOT Token",
      "address": "0xa2c49cee16a5e5bdefde931107dc1fae9f7773e3",
      "symbol": "HDOT",
      "decimals": 18,
      "chainId": 128,
      "logoURI": "https://swap.hbfile.net/images/Hicon/HDOT.png"
    },
    {
      "name": "Heco-Peg HLTC Token",
      "address": "0xecb56cf772b5c9a6907fb7d32387da2fcbfb63b4",
      "symbol": "HLTC",
      "decimals": 18,
      "chainId": 128,
      "logoURI": "https://swap.hbfile.net/images/Hicon/HLTC.png"
    },
    {
      "name": "Heco-Peg HBCH Token",
      "address": "0xef3cebd77e0c52cb6f60875d9306397b5caca375",
      "symbol": "HBCH",
      "decimals": 18,
      "chainId": 128,
      "logoURI": "https://swap.hbfile.net/images/Hicon/HBCH.png"
    },
    {
      "name": "Heco-Peg HXTZ Token",
      "address": "0x45e97dad828ad735af1df0473fc2735f0fd5330c",
      "symbol": "HXTZ",
      "decimals": 18,
      "chainId": 128,
      "logoURI": "https://swap.hbfile.net/images/Hicon/HXZT.png"
    },
    {
      "name": "Heco-Peg HFIL Token",
      "address": "0xae3a768f9ab104c69a7cd6041fe16ffa235d1810",
      "symbol": "HFIL",
      "decimals": 18,
      "chainId": 128,
      "logoURI": "https://swap.hbfile.net/images/Hicon/HFIL.png"
    },
    {
      "name": "Heco-Peg HBSV Token",
      "address": "0xc2cb6b5357ccce1b99cd22232942d9a225ea4eb1",
      "symbol": "HBSV",
      "decimals": 18,
      "chainId": 128,
      "logoURI": "https://swap.hbfile.net/images/Hicon/HBSV.png"
    },
    {
      "name": "BAG",
      "address": "0xa042fb0e60125A4022670014AC121931e7501Af4",
      "symbol": "BAG",
      "decimals": 18,
      "chainId": 128,
      "logoURI": "https://swap.hbfile.net/images/Hicon/BAG.png"
    },
    {
      "name": "BAGS",
      "address": "0x6868D406a125Eb30886A6DD6B651D81677d1F22c",
      "symbol": "BAGS",
      "decimals": 18,
      "chainId": 128,
      "logoURI": "https://swap.hbfile.net/images/Hicon/BAGS.png"
    },
    {
      "name": "NerveNetwork",
      "address": "0xf0e406c49c63abf358030a299c0e00118c4c6ba5",
      "symbol": "NVT",
      "decimals": 8,
      "chainId": 128,
      "logoURI": "https://swap.hbfile.net/images/Hicon/NVT.png"
    },
    {
      "name": "FilDA on Heco",
      "address": "0xe36ffd17b2661eb57144ceaef942d95295e637f0",
      "symbol": "FilDA",
      "decimals": 18,
      "chainId": 128,
      "logoURI": "https://swap.hbfile.net/images/Hicon/FilDA.png"
    },
    {
      "name": "Lucky finance",
      "address": "0xa441b796e160e204cd0f53d3216275056a355980",
      "symbol": "LYFI",
      "decimals": 18,
      "chainId": 128,
      "logoURI": "https://swap.hbfile.net/images/Hicon/LYFI.png"
    },
    {
      "name": "FC",
      "address": "0x12fAC6B5Fa0bc6250058D99d3a1727628651c12E",
      "symbol": "FC",
      "decimals": 18,
      "chainId": 128,
      "logoURI": "https://swap.hbfile.net/images/Hicon/FC.png"
    },
    {
      "name": "FCS",
      "address": "0x1b31b55cD94493d06C7a51678fb1Fe8963258A5d",
      "symbol": "FCS",
      "decimals": 18,
      "chainId": 128,
      "logoURI": "https://swap.hbfile.net/images/Hicon/FC.png"
    },
    {
      "name": "NULS",
      "address": "0xd938e45680da19ad36646ae8d4c671b2b1270f39",
      "symbol": "NULS",
      "decimals": 8,
      "chainId": 128,
      "logoURI": "https://swap.hbfile.net/images/Hicon/NULS.png"
    },
    {
      "name": "Heco-Peg HPT Token",
      "address": "0xE499Ef4616993730CEd0f31FA2703B92B50bB536",
      "symbol": "HPT",
      "decimals": 18,
      "chainId": 128,
      "logoURI": "https://swap.hbfile.net/images/Hicon/HPT.png"
    },
    {
      "name": "Galaxy Set Dollar",
      "address": "0x03FA282789AF9E2574A47024b5EF1F5074edE92F",
      "symbol": "GSD",
      "decimals": 18,
      "chainId": 128,
      "logoURI": "https://swap.hbfile.net/images/Hicon/GSD.png"
    },
    {
      "name": "HTCToken",
      "address": "0x734922e7b793b408cd434eedaa407c9c0c575d1e",
      "symbol": "HTC",
      "decimals": 18,
      "chainId": 128,
      "logoURI": "https://swap.hbfile.net/images/Hicon/HTC.png"
    },
    {
      "name": "MDX Token",
      "address": "0x25D2e80cB6B86881Fd7e07dd263Fb79f4AbE033c",
      "symbol": "MDX",
      "decimals": 18,
      "chainId": 128,
      "logoURI": "https://swap.hbfile.net/images/Hicon/MDX.png"
    },
    {
      "name": "SOVI TOKEN",
      "address": "0x49e16563a2ba84e560780946f0fb73a8b32c841e",
      "symbol": "SOVI",
      "decimals": 18,
      "chainId": 128,
      "logoURI": "https://swap.hbfile.net/images/Hicon/SOVI.png"
    },
    {
      "name": "EarnDefiCoin",
      "address": "0x68a0a1fef18dfcc422db8be6f0f486dea1999edc",
      "symbol": "EDC",
      "decimals": 9,
      "chainId": 128,
      "logoURI": "https://swap.hbfile.net/images/Hicon/EDC.png"
    },
    {
      "name": "Anyswap",
      "address": "0x538cee985e930557d16c383783ca957fa90b63b3",
      "symbol": "ANY",
      "decimals": 18,
      "chainId": 128,
      "logoURI": "https://swap.hbfile.net/images/Hicon/ANY.png"
    },
    {
      "name": "HEC",
      "address": "0x26a4cd8ac664eb98c27ee9d762bcafd4896dddff",
      "symbol": "HEC",
      "decimals": 18,
      "chainId": 128,
      "logoURI": "https://swap.hbfile.net/images/Hicon/HEC.png"
    },
    {
      "name": "HES",
      "address": "0xea96a3c2dce9ea37a477ebbb892ee67e66e7f808",
      "symbol": "HES",
      "decimals": 18,
      "chainId": 128,
      "logoURI": "https://swap.hbfile.net/images/Hicon/HES.png"
    },
    {
      "name": "Hdefi Token",
      "address": "0xd1d06b3158ed1f08580f1fa72f5363796c5aea78",
      "symbol": "HDT",
      "decimals": 18,
      "chainId": 128,
      "logoURI": "https://swap.hbfile.net/images/Hicon/HDT.png"
    },
    {
      "name": "CircleSwap Governance Token",
      "address": "0xbe5df2fac88bb096a973e664171e60586bc5940c",
      "symbol": "CIR",
      "decimals": 18,
      "chainId": 128,
      "logoURI": "https://swap.hbfile.net/images/Hicon/CIR.png"
    },
    {
      "name": "Ubiswap",
      "address": "0x1b85b88cfa46e43d323ffbd01755617577d680b7",
      "symbol": "UBS",
      "decimals": 18,
      "chainId": 128,
      "logoURI": "https://swap.hbfile.net/images/Hicon/UBS.png"
    },
    {
      "name": "Channels",
      "address": "0x1e6395e6b059fc97a4dda925b6c5ebf19e05c69f",
      "symbol": "CAN",
      "decimals": 18,
      "chainId": 128,
      "logoURI": "https://swap.hbfile.net/images/Hicon/CAN.png"
    },
    {
      "name": "BXC",
      "address": "0x15f4c382926f8a083bc924abd3aa84ce3982caa9",
      "symbol": "BXC",
      "decimals": 18,
      "chainId": 128,
      "logoURI": "https://swap.hbfile.net/images/Hicon/BXC.png"
    },
    {
      "name": "BXS",
      "address": "0xbe0e001a5553f4421dc250a20bbdab0e735495e3",
      "symbol": "BXS",
      "decimals": 18,
      "chainId": 128,
      "logoURI": "https://swap.hbfile.net/images/Hicon/BXS.png"
    },
    {
      "name": "Themis Token",
      "address": "0x73e96392a4dacb04726bc4dcac2dea2ba6b4ae82",
      "symbol": "MIS",
      "decimals": 8,
      "chainId": 128,
      "logoURI": "https://swap.hbfile.net/images/Hicon/MIS.png"
    },
    {
      "name": "MOKA",
      "address": "0x973845a963d4fcde86b1c4e6077e619c8b5c171e",
      "symbol": "MOKA",
      "decimals": 18,
      "chainId": 128,
      "logoURI": "https://swap.hbfile.net/images/Hicon/MOKA1.png"
    },
    {
      "name": "SASHIMI Token",
      "address": "0xc2037c1c13dd589e0c14c699dd2498227d2172cc",
      "symbol": "SASHIMI",
      "decimals": 18,
      "chainId": 128,
      "logoURI": "https://swap.hbfile.net/images/Hicon/SASHIMI.png"
    },
    {
      "name": "ARK",
      "address": "0x51e4fb9f905a7bad3d8d56da40da1b07e4da1dde",
      "symbol": "ARK",
      "decimals": 18,
      "chainId": 128,
      "logoURI": "https://swap.hbfile.net/images/Hicon/ARK.png"
    },
    {
      "name": "DaoSwapToken",
      "address": "0xd3e68b6c54b11c2a7353e9cc0a754dde5cfce15a",
      "symbol": "DST",
      "decimals": 18,
      "chainId": 128,
      "logoURI": "https://swap.hbfile.net/images/Hicon/DST.png"
    }
  ]
}
